"contrast","median","lower","upper"
"RM - NoRM",0.0909182485824799,0.0716658712588827,0.109358978334915
