"rm_type","emmean","lower","upper"
"NoRM",-0.0960207539906781,-0.137411688321988,-0.0573881377832896
"RM",-0.00490779162748299,-0.0467486079377399,0.0364294772247405
