"contrast","Median","MAD","CI","CI_low","CI_high","log_BF"
"RM - NoRM",0.0909182485824799,0.00972998746101998,0.95,0.0716658712588827,0.109358978334915,15.1602247933907
