"contrast","estimate","SE","df","z.ratio","p.value"
"NoRM - RM",-0.0256001385041287,0.00251849667831965,Inf,-10.164849024621,2.84562538574528e-24
