"contrast","estimate","SE","df","z.ratio","p.value"
"NoRM - RM",-0.0374631986147491,0.00274476161505098,Inf,-13.6489808110543,2.0472173206817e-42
