"contrast","estimate","SE","df","z.ratio","p.value"
"NoRM - RM",-0.0388845857102959,0.00369013713857376,Inf,-10.5374364827332,5.80599666314327e-26
